Date,State,Handgun,Longgun,Multiples,Totals,Year,Month
2016-12-01,Alabama,13733.0,17519.0,533,62014,2016,12
2016-12-01,Alaska,4087.0,3698.0,191,8786,2016,12
2016-12-01,Arizona,18024.0,13785.0,703,44887,2016,12
2016-12-01,Arkansas,9192.0,13433.0,385,29926,2016,12
2016-12-01,California,63649.0,93224.0,0,298161,2016,12
2016-12-01,Colorado,25905.0,21134.0,1426,55428,2016,12
2016-12-01,Connecticut,8003.0,3153.0,0,17825,2016,12
2016-12-01,Delaware,2689.0,2981.0,117,6356,2016,12
2016-12-01,District of Columbia,60.0,5.0,2,71,2016,12
2016-12-01,Florida,69842.0,39880.0,2595,144983,2016,12
2016-12-01,Georgia,23875.0,22613.0,844,68269,2016,12
2016-12-01,Guam,105.0,51.0,8,172,2016,12
2016-12-01,Hawaii,0.0,0.0,0,1141,2016,12
2016-12-01,Idaho,5471.0,7074.0,210,17034,2016,12
2016-12-01,Illinois,29658.0,17164.0,1031,137994,2016,12
2016-12-01,Indiana,30248.0,21688.0,911,95672,2016,12
2016-12-01,Iowa,391.0,4822.0,3,18090,2016,12
2016-12-01,Kansas,8494.0,10473.0,415,22282,2016,12
2016-12-01,Kentucky,17311.0,16766.0,673,397059,2016,12
2016-12-01,Louisiana,18412.0,22848.0,901,51493,2016,12
2016-12-01,Maine,4641.0,4713.0,187,10528,2016,12
2016-12-01,Mariana Islands,0.0,0.0,0,0,2016,12
2016-12-01,Maryland,4925.0,8870.0,33,17984,2016,12
2016-12-01,Massachusetts,7050.0,3884.0,197,19842,2016,12
2016-12-01,Michigan,14879.0,14328.0,245,47834,2016,12
2016-12-01,Minnesota,12431.0,12851.0,426,60056,2016,12
2016-12-01,Mississippi,13168.0,17231.0,529,36091,2016,12
2016-12-01,Missouri,29770.0,27013.0,1234,63289,2016,12
2016-12-01,Montana,3822.0,5832.0,220,12610,2016,12
2016-12-01,Nebraska,268.0,3697.0,6,8790,2016,12
2016-12-01,Nevada,6783.0,4696.0,411,14889,2016,12
2016-12-01,New Hampshire,6625.0,4225.0,1,14305,2016,12
2016-12-01,New Jersey,5394.0,4979.0,0,10577,2016,12
2016-12-01,New Mexico,7484.0,7149.0,331,17518,2016,12
2016-12-01,New York,12074.0,22585.0,248,40292,2016,12
2016-12-01,North Carolina,2163.0,28023.0,285,65145,2016,12
2016-12-01,North Dakota,1799.0,2927.0,81,6261,2016,12
2016-12-01,Ohio,40996.0,29641.0,1531,88178,2016,12
2016-12-01,Oklahoma,17990.0,19418.0,1060,43082,2016,12
2016-12-01,Oregon,18931.0,16010.0,0,35754,2016,12
2016-12-01,Pennsylvania,64220.0,18688.0,0,111913,2016,12
2016-12-01,Puerto Rico,1334.0,256.0,28,1664,2016,12
2016-12-01,Rhode Island,1283.0,953.0,210,2542,2016,12
2016-12-01,South Carolina,15600.0,14782.0,425,43044,2016,12
2016-12-01,South Dakota,3525.0,5131.0,220,10739,2016,12
2016-12-01,Tennessee,36917.0,30997.0,0,74884,2016,12
2016-12-01,Texas,69163.0,69272.0,3208,181572,2016,12
2016-12-01,Utah,6428.0,9257.0,0,29485,2016,12
2016-12-01,Vermont,1802.0,1998.0,74,3977,2016,12
2016-12-01,Virgin Islands,15.0,5.0,0,67,2016,12
2016-12-01,Virginia,32572.0,27619.0,0,62649,2016,12
2016-12-01,Washington,21835.0,16484.0,706,59181,2016,12
2016-12-01,West Virginia,10869.0,11628.0,543,27242,2016,12
2016-12-01,Wisconsin,16521.0,15036.0,37,56928,2016,12
2016-12-01,Wyoming,2540.0,2984.0,119,6560,2016,12
2016-11-01,Alabama,10214.0,13470.0,599,50477,2016,11
2016-11-01,Alaska,3396.0,4019.0,249,8514,2016,11
2016-11-01,Arizona,14850.0,11994.0,829,39722,2016,11
2016-11-01,Arkansas,7226.0,11866.0,449,26901,2016,11
2016-11-01,California,56932.0,82554.0,0,224039,2016,11
2016-11-01,Colorado,24052.0,19794.0,1553,54418,2016,11
2016-11-01,Connecticut,7063.0,3258.0,0,17223,2016,11
2016-11-01,Delaware,2490.0,2751.0,106,5791,2016,11
2016-11-01,District of Columbia,49.0,5.0,1,56,2016,11
2016-11-01,Florida,62351.0,35718.0,2701,134638,2016,11
2016-11-01,Georgia,18011.0,16759.0,803,58723,2016,11
2016-11-01,Guam,104.0,54.0,4,176,2016,11
2016-11-01,Hawaii,0.0,0.0,0,1347,2016,11
2016-11-01,Idaho,4711.0,6175.0,232,13965,2016,11
2016-11-01,Illinois,28463.0,19005.0,1206,161604,2016,11
2016-11-01,Indiana,25246.0,23336.0,912,92535,2016,11
2016-11-01,Iowa,399.0,5112.0,13,18540,2016,11
2016-11-01,Kansas,8136.0,9854.0,493,22646,2016,11
2016-11-01,Kentucky,12847.0,14844.0,640,330444,2016,11
2016-11-01,Louisiana,14674.0,18349.0,850,39979,2016,11
2016-11-01,Maine,4135.0,5097.0,196,10506,2016,11
2016-11-01,Mariana Islands,0.0,4.0,0,4,2016,11
2016-11-01,Maryland,5356.0,9509.0,38,17647,2016,11
2016-11-01,Massachusetts,7117.0,4783.0,197,21581,2016,11
2016-11-01,Michigan,15803.0,18241.0,333,56137,2016,11
2016-11-01,Minnesota,12338.0,15597.0,444,62666,2016,11
2016-11-01,Mississippi,9382.0,13481.0,528,29113,2016,11
2016-11-01,Missouri,23719.0,26338.0,1297,57501,2016,11
2016-11-01,Montana,3093.0,5546.0,231,12074,2016,11
2016-11-01,Nebraska,216.0,3688.0,12,9086,2016,11
2016-11-01,Nevada,6338.0,4291.0,436,14476,2016,11
2016-11-01,New Hampshire,6283.0,4822.0,4,15256,2016,11
2016-11-01,New Jersey,5398.0,5720.0,0,11317,2016,11
2016-11-01,New Mexico,6153.0,6034.0,356,15116,2016,11
2016-11-01,New York,11157.0,25229.0,248,43009,2016,11
2016-11-01,North Carolina,1709.0,23215.0,262,59658,2016,11
2016-11-01,North Dakota,1827.0,3546.0,98,6494,2016,11
2016-11-01,Ohio,37304.0,32312.0,1694,88928,2016,11
2016-11-01,Oklahoma,16348.0,17019.0,1088,40123,2016,11
2016-11-01,Oregon,17013.0,15711.0,0,33555,2016,11
2016-11-01,Pennsylvania,66188.0,20487.0,0,118378,2016,11
2016-11-01,Puerto Rico,1323.0,204.0,34,1590,2016,11
2016-11-01,Rhode Island,1271.0,1065.0,201,2658,2016,11
2016-11-01,South Carolina,12839.0,11547.0,558,39711,2016,11
2016-11-01,South Dakota,3456.0,5677.0,209,11622,2016,11
2016-11-01,Tennessee,29502.0,25976.0,0,74722,2016,11
2016-11-01,Texas,58778.0,56057.0,3760,157519,2016,11
2016-11-01,Utah,5232.0,7021.0,0,26928,2016,11
2016-11-01,Vermont,1342.0,1975.0,73,3503,2016,11
2016-11-01,Virgin Islands,17.0,5.0,0,76,2016,11
2016-11-01,Virginia,29544.0,26823.0,0,58362,2016,11
2016-11-01,Washington,19534.0,16266.0,808,56963,2016,11
2016-11-01,West Virginia,7824.0,11134.0,465,25378,2016,11
2016-11-01,Wisconsin,17580.0,19631.0,34,65277,2016,11
2016-11-01,Wyoming,2097.0,2691.0,125,5814,2016,11
2016-10-01,Alabama,7757.0,8865.0,429,43251,2016,10
2016-10-01,Alaska,3906.0,3949.0,274,9383,2016,10
2016-10-01,Arizona,12405.0,9382.0,681,34134,2016,10
2016-10-01,Arkansas,5607.0,8235.0,373,22709,2016,10
2016-10-01,California,45785.0,54333.0,0,180968,2016,10
2016-10-01,Colorado,20343.0,16962.0,1329,45337,2016,10
2016-10-01,Connecticut,6374.0,2698.0,0,16048,2016,10
2016-10-01,Delaware,2070.0,2082.0,107,5757,2016,10
2016-10-01,District of Columbia,59.0,2.0,0,61,2016,10
2016-10-01,Florida,50003.0,27010.0,2302,111657,2016,10
2016-10-01,Georgia,13799.0,12262.0,664,48308,2016,10
2016-10-01,Guam,127.0,72.0,4,220,2016,10
2016-10-01,Hawaii,0.0,0.0,0,1277,2016,10
2016-10-01,Idaho,3913.0,5787.0,208,14160,2016,10
2016-10-01,Illinois,33986.0,14739.0,1090,169348,2016,10
2016-10-01,Indiana,21058.0,16857.0,829,72085,2016,10
2016-10-01,Iowa,221.0,3557.0,11,14908,2016,10
2016-10-01,Kansas,6527.0,6775.0,418,17656,2016,10
2016-10-01,Kentucky,10111.0,10030.0,519,378973,2016,10
2016-10-01,Louisiana,11865.0,13673.0,679,32820,2016,10
2016-10-01,Maine,4320.0,6926.0,435,12954,2016,10
2016-10-01,Mariana Islands,0.0,1.0,0,1,2016,10
2016-10-01,Maryland,4280.0,6786.0,32,14405,2016,10
2016-10-01,Massachusetts,6415.0,3680.0,198,19500,2016,10
2016-10-01,Michigan,12680.0,13539.0,287,49099,2016,10
2016-10-01,Minnesota,11394.0,18553.0,511,70854,2016,10
2016-10-01,Mississippi,7564.0,8323.0,406,21433,2016,10
2016-10-01,Missouri,21994.0,20919.0,1196,50651,2016,10
2016-10-01,Montana,3035.0,6689.0,271,13411,2016,10
2016-10-01,Nebraska,144.0,2817.0,8,7834,2016,10
2016-10-01,Nevada,5614.0,3471.0,378,12026,2016,10
2016-10-01,New Hampshire,5968.0,4672.0,4,15045,2016,10
2016-10-01,New Jersey,5391.0,4567.0,0,10175,2016,10
2016-10-01,New Mexico,5449.0,4826.0,282,13089,2016,10
2016-10-01,New York,10820.0,21094.0,219,37907,2016,10
2016-10-01,North Carolina,1353.0,15980.0,217,49372,2016,10
2016-10-01,North Dakota,1674.0,4451.0,113,7283,2016,10
2016-10-01,Ohio,30593.0,21991.0,1521,71864,2016,10
2016-10-01,Oklahoma,11560.0,11325.0,852,28578,2016,10
2016-10-01,Oregon,14749.0,13412.0,0,28948,2016,10
2016-10-01,Pennsylvania,56836.0,16223.0,0,103095,2016,10
2016-10-01,Puerto Rico,1165.0,194.0,25,1429,2016,10
2016-10-01,Rhode Island,1162.0,950.0,214,2448,2016,10
2016-10-01,South Carolina,9270.0,7797.0,396,31780,2016,10
2016-10-01,South Dakota,3127.0,6859.0,242,12670,2016,10
2016-10-01,Tennessee,23542.0,18514.0,74,56652,2016,10
2016-10-01,Texas,46518.0,44519.0,2901,144467,2016,10
2016-10-01,Utah,3588.0,4603.0,0,23339,2016,10
2016-10-01,Vermont,1485.0,2099.0,84,3769,2016,10
2016-10-01,Virgin Islands,16.0,13.0,0,66,2016,10
2016-10-01,Virginia,24337.0,20433.0,0,46862,2016,10
2016-10-01,Washington,18601.0,15455.0,745,57746,2016,10
2016-10-01,West Virginia,6721.0,7737.0,405,20035,2016,10
2016-10-01,Wisconsin,15514.0,17376.0,52,63442,2016,10
2016-10-01,Wyoming,1709.0,2307.0,116,5228,2016,10
2016-09-01,Alabama,7125.0,8449.0,372,41336,2016,9
2016-09-01,Alaska,2654.0,3126.0,181,6867,2016,9
2016-09-01,Arizona,11769.0,8951.0,639,33390,2016,9
2016-09-01,Arkansas,4802.0,6284.0,324,18826,2016,9
2016-09-01,California,39213.0,43015.0,0,159077,2016,9
2016-09-01,Colorado,17390.0,14521.0,1136,40013,2016,9
2016-09-01,Connecticut,5424.0,2472.0,0,14955,2016,9
2016-09-01,Delaware,1759.0,1894.0,84,4160,2016,9
2016-09-01,District of Columbia,46.0,4.0,2,52,2016,9
2016-09-01,Florida,45848.0,22439.0,1891,102843,2016,9
2016-09-01,Georgia,12258.0,9766.0,513,41621,2016,9
2016-09-01,Guam,99.0,63.0,2,189,2016,9
2016-09-01,Hawaii,0.0,0.0,0,1247,2016,9
2016-09-01,Idaho,3124.0,5230.0,211,12611,2016,9
2016-09-01,Illinois,20298.0,11876.0,773,127535,2016,9
2016-09-01,Indiana,17402.0,13402.0,636,63820,2016,9
2016-09-01,Iowa,154.0,2694.0,8,12094,2016,9
2016-09-01,Kansas,4903.0,5614.0,288,14051,2016,9
2016-09-01,Kentucky,8917.0,8172.0,590,298753,2016,9
2016-09-01,Louisiana,12875.0,13747.0,790,33656,2016,9
2016-09-01,Maine,3841.0,5203.0,298,10550,2016,9
2016-09-01,Mariana Islands,0.0,1.0,0,1,2016,9
2016-09-01,Maryland,3626.0,5428.0,20,12161,2016,9
2016-09-01,Massachusetts,5584.0,3210.0,150,17481,2016,9
2016-09-01,Michigan,10056.0,11311.0,235,41363,2016,9
2016-09-01,Minnesota,9548.0,16213.0,413,58507,2016,9
2016-09-01,Mississippi,6904.0,6592.0,377,19705,2016,9
2016-09-01,Missouri,17808.0,15528.0,949,41437,2016,9
2016-09-01,Montana,2702.0,5404.0,227,11479,2016,9
2016-09-01,Nebraska,104.0,2144.0,4,6099,2016,9
2016-09-01,Nevada,4281.0,2764.0,272,10434,2016,9
2016-09-01,New Hampshire,5100.0,3766.0,4,13329,2016,9
2016-09-01,New Jersey,5249.0,3864.0,0,9309,2016,9
2016-09-01,New Mexico,4793.0,4277.0,286,11867,2016,9
2016-09-01,New York,9700.0,17804.0,208,33599,2016,9
2016-09-01,North Carolina,1068.0,14018.0,245,46452,2016,9
2016-09-01,North Dakota,1273.0,3381.0,84,5883,2016,9
2016-09-01,Ohio,24297.0,18038.0,1121,58828,2016,9
2016-09-01,Oklahoma,9638.0,10003.0,819,25309,2016,9
2016-09-01,Oregon,13325.0,13046.0,0,26487,2016,9
2016-09-01,Pennsylvania,46101.0,12697.0,0,86424,2016,9
2016-09-01,Puerto Rico,1110.0,213.0,24,1383,2016,9
2016-09-01,Rhode Island,1031.0,767.0,168,2052,2016,9
2016-09-01,South Carolina,8725.0,7088.0,352,28988,2016,9
2016-09-01,South Dakota,2530.0,4663.0,179,9284,2016,9
2016-09-01,Tennessee,20721.0,15120.0,1141,48546,2016,9
2016-09-01,Texas,37858.0,42308.0,2436,126694,2016,9
2016-09-01,Utah,2918.0,4440.0,0,19914,2016,9
2016-09-01,Vermont,1233.0,1701.0,96,3130,2016,9
2016-09-01,Virgin Islands,25.0,7.0,1,75,2016,9
2016-09-01,Virginia,20325.0,16687.0,0,38779,2016,9
2016-09-01,Washington,15261.0,13621.0,684,48147,2016,9
2016-09-01,West Virginia,6122.0,6495.0,436,18079,2016,9
2016-09-01,Wisconsin,13271.0,14796.0,33,59639,2016,9
2016-09-01,Wyoming,1521.0,2207.0,98,5086,2016,9
2016-08-01,Alabama,8243.0,7808.0,384,42455,2016,8
2016-08-01,Alaska,2725.0,3484.0,202,7194,2016,8
2016-08-01,Arizona,12069.0,8601.0,617,33422,2016,8
2016-08-01,Arkansas,5666.0,6108.0,333,21692,2016,8
2016-08-01,California,43344.0,43552.0,0,176770,2016,8
2016-08-01,Colorado,18116.0,14054.0,1078,40996,2016,8
2016-08-01,Connecticut,9929.0,3941.0,0,27353,2016,8
2016-08-01,Delaware,1662.0,1562.0,80,4169,2016,8
2016-08-01,District of Columbia,56.0,3.0,1,62,2016,8
2016-08-01,Florida,49867.0,23359.0,1877,114446,2016,8
2016-08-01,Georgia,12627.0,9187.0,513,44370,2016,8
2016-08-01,Guam,95.0,54.0,5,170,2016,8
2016-08-01,Hawaii,0.0,0.0,0,1305,2016,8
2016-08-01,Idaho,3194.0,4214.0,187,11635,2016,8
2016-08-01,Illinois,60745.0,30602.0,1963,185912,2016,8
2016-08-01,Indiana,18906.0,13606.0,596,79202,2016,8
2016-08-01,Iowa,182.0,2345.0,3,12518,2016,8
2016-08-01,Kansas,4987.0,5437.0,283,13770,2016,8
2016-08-01,Kentucky,8842.0,7187.0,445,29746,2016,8
2016-08-01,Louisiana,13082.0,10527.0,845,30716,2016,8
2016-08-01,Maine,3294.0,3546.0,172,8204,2016,8
2016-08-01,Mariana Islands,0.0,2.0,0,3,2016,8
2016-08-01,Maryland,4249.0,5109.0,23,12510,2016,8
2016-08-01,Massachusetts,5601.0,2915.0,190,18138,2016,8
2016-08-01,Michigan,10650.0,9117.0,202,41493,2016,8
2016-08-01,Minnesota,9391.0,11884.0,381,51700,2016,8
2016-08-01,Mississippi,11193.0,9085.0,600,26351,2016,8
2016-08-01,Missouri,18394.0,15365.0,953,44182,2016,8
2016-08-01,Montana,2882.0,4487.0,224,10672,2016,8
2016-08-01,Nebraska,126.0,1805.0,2,6405,2016,8
2016-08-01,Nevada,4676.0,2629.0,274,10520,2016,8
2016-08-01,New Hampshire,4732.0,3421.0,8,12039,2016,8
2016-08-01,New Jersey,5541.0,3962.0,0,9728,2016,8
2016-08-01,New Mexico,5170.0,4224.0,321,12341,2016,8
2016-08-01,New York,10716.0,14278.0,187,30808,2016,8
2016-08-01,North Carolina,1208.0,12513.0,180,46518,2016,8
2016-08-01,North Dakota,1284.0,2601.0,69,5461,2016,8
2016-08-01,Ohio,26261.0,17526.0,1160,62418,2016,8
2016-08-01,Oklahoma,10881.0,9762.0,788,25927,2016,8
2016-08-01,Oregon,12661.0,10173.0,0,22911,2016,8
2016-08-01,Pennsylvania,46155.0,11700.0,0,86652,2016,8
2016-08-01,Puerto Rico,1073.0,234.0,24,1370,2016,8
2016-08-01,Rhode Island,1039.0,770.0,145,2090,2016,8
2016-08-01,South Carolina,8828.0,6906.0,330,31389,2016,8
2016-08-01,South Dakota,2387.0,3559.0,133,7873,2016,8
2016-08-01,Tennessee,22737.0,16198.0,1190,60971,2016,8
2016-08-01,Texas,42302.0,40269.0,2347,124608,2016,8
2016-08-01,Utah,2917.0,3503.0,0,21178,2016,8
2016-08-01,Vermont,1269.0,1296.0,47,2724,2016,8
2016-08-01,Virgin Islands,29.0,6.0,0,90,2016,8
2016-08-01,Virginia,21108.0,15802.0,0,38667,2016,8
2016-08-01,Washington,15083.0,11376.0,606,46645,2016,8
2016-08-01,West Virginia,6916.0,5283.0,345,17315,2016,8
2016-08-01,Wisconsin,14764.0,12079.0,43,53689,2016,8
2016-08-01,Wyoming,1721.0,2079.0,96,5295,2016,8
2016-07-01,Alabama,10132.0,7392.0,465,48927,2016,7
2016-07-01,Alaska,2898.0,2816.0,165,6793,2016,7
2016-07-01,Arizona,13693.0,8643.0,642,34496,2016,7
2016-07-01,Arkansas,6323.0,5053.0,367,19378,2016,7
2016-07-01,California,46361.0,47594.0,0,190218,2016,7
2016-07-01,Colorado,18765.0,15176.0,1054,43094,2016,7
2016-07-01,Connecticut,11328.0,4015.0,0,29755,2016,7
2016-07-01,Delaware,1859.0,1569.0,74,4494,2016,7
2016-07-01,District of Columbia,57.0,1.0,2,60,2016,7
2016-07-01,Florida,57902.0,28000.0,2324,125208,2016,7
2016-07-01,Georgia,15342.0,8597.0,632,49183,2016,7
2016-07-01,Guam,94.0,56.0,7,173,2016,7
2016-07-01,Hawaii,0.0,0.0,0,1565,2016,7
2016-07-01,Idaho,3592.0,3576.0,203,12154,2016,7
2016-07-01,Illinois,21421.0,11881.0,881,168227,2016,7
2016-07-01,Indiana,19508.0,12191.0,644,88340,2016,7
2016-07-01,Iowa,186.0,2227.0,1,11937,2016,7
2016-07-01,Kansas,6075.0,4942.0,329,14140,2016,7
2016-07-01,Kentucky,9378.0,6615.0,534,363085,2016,7
2016-07-01,Louisiana,21637.0,12252.0,1031,41063,2016,7
2016-07-01,Maine,3426.0,3026.0,166,7702,2016,7
2016-07-01,Mariana Islands,0.0,1.0,0,1,2016,7
2016-07-01,Maryland,3973.0,5505.0,35,12228,2016,7
2016-07-01,Massachusetts,6257.0,5108.0,439,20480,2016,7
2016-07-01,Michigan,11308.0,8095.0,239,40142,2016,7
2016-07-01,Minnesota,9743.0,9207.0,373,43368,2016,7
2016-07-01,Mississippi,10425.0,6125.0,459,21907,2016,7
2016-07-01,Missouri,20791.0,13575.0,981,46637,2016,7
2016-07-01,Montana,2894.0,3882.0,194,9869,2016,7
2016-07-01,Nebraska,93.0,1529.0,5,5429,2016,7
2016-07-01,Nevada,5194.0,3006.0,308,11785,2016,7
2016-07-01,New Hampshire,5200.0,3716.0,3,13068,2016,7
2016-07-01,New Jersey,5708.0,4155.0,0,10074,2016,7
2016-07-01,New Mexico,5380.0,3966.0,300,12219,2016,7
2016-07-01,New York,10900.0,13073.0,204,29513,2016,7
2016-07-01,North Carolina,1157.0,12487.0,215,44123,2016,7
2016-07-01,North Dakota,1333.0,2457.0,64,5470,2016,7
2016-07-01,Ohio,27876.0,17720.0,1232,63148,2016,7
2016-07-01,Oklahoma,11750.0,8792.0,752,25946,2016,7
2016-07-01,Oregon,14284.0,10507.0,0,24813,2016,7
2016-07-01,Pennsylvania,46843.0,11793.0,0,86137,2016,7
2016-07-01,Puerto Rico,1038.0,234.0,20,1331,2016,7
2016-07-01,Rhode Island,1133.0,951.0,155,2368,2016,7
2016-07-01,South Carolina,9967.0,5880.0,361,32730,2016,7
2016-07-01,South Dakota,2490.0,3004.0,135,7406,2016,7
2016-07-01,Tennessee,26276.0,16118.0,1374,57653,2016,7
2016-07-01,Texas,50499.0,34266.0,2698,127207,2016,7
2016-07-01,Utah,3381.0,3328.0,102,17608,2016,7
2016-07-01,Vermont,1293.0,1201.0,57,2674,2016,7
2016-07-01,Virgin Islands,21.0,2.0,1,105,2016,7
2016-07-01,Virginia,24671.0,16731.0,0,43574,2016,7
2016-07-01,Washington,15652.0,11536.0,653,47887,2016,7
2016-07-01,West Virginia,6417.0,5134.0,403,16791,2016,7
2016-07-01,Wisconsin,13182.0,9870.0,38,38922,2016,7
2016-07-01,Wyoming,1619.0,1769.0,99,4585,2016,7
2016-06-01,Alabama,9146.0,7273.0,431,44976,2016,6
2016-06-01,Alaska,2987.0,3204.0,185,7406,2016,6
2016-06-01,Arizona,12942.0,8614.0,685,32540,2016,6
2016-06-01,Arkansas,5454.0,4574.0,333,18779,2016,6
2016-06-01,California,43042.0,37512.0,0,173846,2016,6
2016-06-01,Colorado,17790.0,15115.0,1061,41134,2016,6
2016-06-01,Connecticut,12011.0,3974.0,0,33475,2016,6
2016-06-01,Delaware,1842.0,1621.0,93,4987,2016,6
2016-06-01,District of Columbia,46.0,3.0,0,72,2016,6
2016-06-01,Florida,55934.0,29501.0,2428,125567,2016,6
2016-06-01,Georgia,13307.0,7859.0,550,42626,2016,6
2016-06-01,Guam,104.0,50.0,3,164,2016,6
2016-06-01,Hawaii,0.0,0.0,0,1754,2016,6
2016-06-01,Idaho,3445.0,4143.0,192,12947,2016,6
2016-06-01,Illinois,22277.0,12787.0,891,164500,2016,6
2016-06-01,Indiana,18307.0,11949.0,674,94326,2016,6
2016-06-01,Iowa,129.0,2004.0,8,12209,2016,6
2016-06-01,Kansas,5275.0,4447.0,306,12364,2016,6
2016-06-01,Kentucky,8703.0,6584.0,499,360293,2016,6
2016-06-01,Louisiana,12082.0,8428.0,596,26278,2016,6
2016-06-01,Maine,3433.0,2943.0,183,7858,2016,6
2016-06-01,Mariana Islands,0.0,1.0,0,1,2016,6
2016-06-01,Maryland,4288.0,4864.0,49,11647,2016,6
2016-06-01,Massachusetts,5965.0,3404.0,241,17743,2016,6
2016-06-01,Michigan,10335.0,8282.0,227,39580,2016,6
2016-06-01,Minnesota,8880.0,9723.0,433,47916,2016,6
2016-06-01,Mississippi,7804.0,4692.0,369,17507,2016,6
2016-06-01,Missouri,18770.0,13295.0,958,45384,2016,6
2016-06-01,Montana,2968.0,4379.0,171,10610,2016,6
2016-06-01,Nebraska,107.0,1609.0,6,5777,2016,6
2016-06-01,Nevada,4949.0,3114.0,279,11771,2016,6
2016-06-01,New Hampshire,5166.0,3453.0,6,12661,2016,6
2016-06-01,New Jersey,6266.0,4294.0,0,10806,2016,6
2016-06-01,New Mexico,5336.0,4231.0,300,12560,2016,6
2016-06-01,New York,10062.0,12213.0,200,28472,2016,6
2016-06-01,North Carolina,1181.0,11749.0,223,44535,2016,6
2016-06-01,North Dakota,1312.0,2377.0,64,6568,2016,6
2016-06-01,Ohio,24397.0,17086.0,1203,60366,2016,6
2016-06-01,Oklahoma,11933.0,8811.0,802,26167,2016,6
2016-06-01,Oregon,14054.0,11400.0,0,25502,2016,6
2016-06-01,Pennsylvania,44677.0,11841.0,0,80806,2016,6
2016-06-01,Puerto Rico,1025.0,214.0,18,1298,2016,6
2016-06-01,Rhode Island,1146.0,862.0,173,2302,2016,6
2016-06-01,South Carolina,9619.0,5599.0,348,30209,2016,6
2016-06-01,South Dakota,2460.0,3139.0,143,7519,2016,6
2016-06-01,Tennessee,22476.0,15194.0,1465,56218,2016,6
2016-06-01,Texas,46816.0,33501.0,2509,120263,2016,6
2016-06-01,Utah,3433.0,3731.0,186,28189,2016,6
2016-06-01,Vermont,1240.0,1225.0,85,2688,2016,6
2016-06-01,Virgin Islands,24.0,7.0,1,106,2016,6
2016-06-01,Virginia,20132.0,15480.0,0,37593,2016,6
2016-06-01,Washington,17040.0,13267.0,711,50487,2016,6
2016-06-01,West Virginia,6602.0,4821.0,392,16423,2016,6
2016-06-01,Wisconsin,12464.0,11144.0,70,30747,2016,6
2016-06-01,Wyoming,1638.0,2110.0,104,4812,2016,6
2016-05-01,Alabama,7903.0,5256.0,294,36157,2016,5
2016-05-01,Alaska,2582.0,2391.0,160,5991,2016,5
2016-05-01,Arizona,10994.0,6539.0,529,28671,2016,5
2016-05-01,Arkansas,4551.0,3596.0,224,16422,2016,5
2016-05-01,California,38301.0,28723.0,0,166035,2016,5
2016-05-01,Colorado,16293.0,11252.0,921,36512,2016,5
2016-05-01,Connecticut,9953.0,3362.0,0,29247,2016,5
2016-05-01,Delaware,1722.0,1121.0,57,4355,2016,5
2016-05-01,District of Columbia,47.0,6.0,0,110,2016,5
2016-05-01,Florida,42845.0,17025.0,1506,94732,2016,5
2016-05-01,Georgia,10866.0,5510.0,420,33740,2016,5
2016-05-01,Guam,119.0,56.0,10,194,2016,5
2016-05-01,Hawaii,0.0,0.0,0,1316,2016,5
2016-05-01,Idaho,3132.0,3323.0,167,8658,2016,5
2016-05-01,Illinois,19264.0,8686.0,598,119574,2016,5
2016-05-01,Indiana,16842.0,9264.0,543,119897,2016,5
2016-05-01,Iowa,121.0,1569.0,3,12578,2016,5
2016-05-01,Kansas,4648.0,3553.0,263,10559,2016,5
2016-05-01,Kentucky,8049.0,5244.0,414,321666,2016,5
2016-05-01,Louisiana,9561.0,5788.0,406,20462,2016,5
2016-05-01,Maine,3009.0,2464.0,141,6572,2016,5
2016-05-01,Mariana Islands,0.0,1.0,0,1,2016,5
2016-05-01,Maryland,4099.0,4148.0,21,11176,2016,5
2016-05-01,Massachusetts,5278.0,2325.0,158,15449,2016,5
2016-05-01,Michigan,9834.0,6490.0,162,37823,2016,5
2016-05-01,Minnesota,8772.0,7638.0,340,42135,2016,5
2016-05-01,Mississippi,7005.0,3541.0,317,15159,2016,5
2016-05-01,Missouri,16909.0,10162.0,824,40752,2016,5
2016-05-01,Montana,2724.0,3881.0,175,9551,2016,5
2016-05-01,Nebraska,78.0,1277.0,5,4956,2016,5
2016-05-01,Nevada,4365.0,2329.0,225,10105,2016,5
2016-05-01,New Hampshire,4262.0,2645.0,5,10869,2016,5
2016-05-01,New Jersey,6542.0,3027.0,0,9770,2016,5
2016-05-01,New Mexico,4485.0,3269.0,224,10847,2016,5
2016-05-01,New York,10118.0,10815.0,151,26336,2016,5
2016-05-01,North Carolina,1119.0,8506.0,169,38727,2016,5
2016-05-01,North Dakota,1186.0,1798.0,48,4620,2016,5
2016-05-01,Ohio,26069.0,13219.0,973,58406,2016,5
2016-05-01,Oklahoma,10385.0,6490.0,686,21379,2016,5
2016-05-01,Oregon,12038.0,9194.0,0,21266,2016,5
2016-05-01,Pennsylvania,39963.0,8770.0,0,70244,2016,5
2016-05-01,Puerto Rico,991.0,166.0,20,1202,2016,5
2016-05-01,Rhode Island,936.0,536.0,113,1648,2016,5
2016-05-01,South Carolina,7570.0,3922.0,241,24923,2016,5
2016-05-01,South Dakota,2161.0,2666.0,151,6403,2016,5
2016-05-01,Tennessee,19232.0,10394.0,941,44044,2016,5
2016-05-01,Texas,39446.0,25424.0,1919,104134,2016,5
2016-05-01,Utah,3097.0,3067.0,162,24045,2016,5
2016-05-01,Vermont,1096.0,1026.0,58,2247,2016,5
2016-05-01,Virgin Islands,26.0,2.0,0,112,2016,5
2016-05-01,Virginia,18183.0,10896.0,0,30787,2016,5
2016-05-01,Washington,14601.0,9033.0,504,41282,2016,5
2016-05-01,West Virginia,6099.0,4179.0,350,14918,2016,5
2016-05-01,Wisconsin,11438.0,8481.0,39,27431,2016,5
2016-05-01,Wyoming,1497.0,1671.0,89,4504,2016,5
2016-04-01,Alabama,9742.0,6977.0,412,41239,2016,4
2016-04-01,Alaska,3036.0,2777.0,176,6867,2016,4
2016-04-01,Arizona,13086.0,7278.0,538,32005,2016,4
2016-04-01,Arkansas,5334.0,4513.0,281,19048,2016,4
2016-04-01,California,41862.0,30133.0,0,171256,2016,4
2016-04-01,Colorado,17897.0,12560.0,1005,41636,2016,4
2016-04-01,Connecticut,11882.0,3936.0,0,32657,2016,4
2016-04-01,Delaware,1878.0,1313.0,62,4316,2016,4
2016-04-01,District of Columbia,55.0,3.0,0,69,2016,4
2016-04-01,Florida,48697.0,19716.0,1596,104114,2016,4
2016-04-01,Georgia,13673.0,6764.0,443,41265,2016,4
2016-04-01,Guam,100.0,45.0,7,160,2016,4
2016-04-01,Hawaii,0.0,0.0,0,1453,2016,4
2016-04-01,Idaho,3376.0,3720.0,157,10638,2016,4
2016-04-01,Illinois,24894.0,11132.0,870,154306,2016,4
2016-04-01,Indiana,20756.0,12137.0,637,126579,2016,4
2016-04-01,Iowa,184.0,2453.0,2,15435,2016,4
2016-04-01,Kansas,5785.0,4540.0,274,13227,2016,4
2016-04-01,Kentucky,9657.0,7070.0,481,306214,2016,4
2016-04-01,Louisiana,11703.0,6552.0,544,23719,2016,4
2016-04-01,Maine,3970.0,3254.0,178,8567,2016,4
2016-04-01,Mariana Islands,0.0,0.0,0,0,2016,4
2016-04-01,Maryland,4294.0,4966.0,19,13007,2016,4
2016-04-01,Massachusetts,6227.0,3009.0,166,17505,2016,4
2016-04-01,Michigan,13598.0,8647.0,189,48163,2016,4
2016-04-01,Minnesota,12547.0,12295.0,469,57100,2016,4
2016-04-01,Mississippi,8765.0,4139.0,341,17182,2016,4
2016-04-01,Missouri,19787.0,12754.0,896,49098,2016,4
2016-04-01,Montana,2989.0,4388.0,201,10728,2016,4
2016-04-01,Nebraska,116.0,1650.0,5,6280,2016,4
2016-04-01,Nevada,5135.0,2793.0,255,11803,2016,4
2016-04-01,New Hampshire,5337.0,3400.0,4,12630,2016,4
2016-04-01,New Jersey,6887.0,3331.0,0,10465,2016,4
2016-04-01,New Mexico,5311.0,3967.0,236,12421,2016,4
2016-04-01,New York,11281.0,14660.0,205,31789,2016,4
2016-04-01,North Carolina,1250.0,10280.0,209,43592,2016,4
2016-04-01,North Dakota,2083.0,2791.0,113,6039,2016,4
2016-04-01,Ohio,32959.0,17664.0,1244,71881,2016,4
2016-04-01,Oklahoma,13132.0,8302.0,811,26489,2016,4
2016-04-01,Oregon,13102.0,9998.0,0,23132,2016,4
2016-04-01,Pennsylvania,51472.0,11628.0,0,88140,2016,4
2016-04-01,Puerto Rico,947.0,202.0,17,1185,2016,4
2016-04-01,Rhode Island,1149.0,746.0,138,2125,2016,4
2016-04-01,South Carolina,9617.0,4618.0,270,30929,2016,4
2016-04-01,South Dakota,2981.0,3412.0,175,8275,2016,4
2016-04-01,Tennessee,22965.0,12049.0,991,57837,2016,4
2016-04-01,Texas,45339.0,27823.0,2289,126292,2016,4
2016-04-01,Utah,3560.0,3646.0,161,30706,2016,4
2016-04-01,Vermont,1483.0,1557.0,82,3220,2016,4
2016-04-01,Virgin Islands,23.0,3.0,0,85,2016,4
2016-04-01,Virginia,21709.0,13235.0,0,36219,2016,4
2016-04-01,Washington,15988.0,9698.0,538,65565,2016,4
2016-04-01,West Virginia,6908.0,5417.0,368,17825,2016,4
2016-04-01,Wisconsin,15693.0,13348.0,38,38403,2016,4
2016-04-01,Wyoming,1764.0,1952.0,92,5029,2016,4
2016-03-01,Alabama,14372.0,9115.0,580,55486,2016,3
2016-03-01,Alaska,3171.0,2750.0,189,6982,2016,3
2016-03-01,Arizona,14387.0,7907.0,614,35795,2016,3
2016-03-01,Arkansas,7603.0,5448.0,353,24390,2016,3
2016-03-01,California,45266.0,31454.0,0,201041,2016,3
2016-03-01,Colorado,20049.0,12776.0,1192,46430,2016,3
2016-03-01,Connecticut,13996.0,4388.0,0,35332,2016,3
2016-03-01,Delaware,2353.0,1611.0,87,4986,2016,3
2016-03-01,District of Columbia,74.0,6.0,0,85,2016,3
2016-03-01,Florida,54164.0,22000.0,1748,119207,2016,3
2016-03-01,Georgia,18272.0,8517.0,540,55396,2016,3
2016-03-01,Guam,115.0,58.0,7,188,2016,3
2016-03-01,Hawaii,0.0,0.0,0,1469,2016,3
2016-03-01,Idaho,3925.0,4208.0,206,13824,2016,3
2016-03-01,Illinois,29052.0,12971.0,982,175762,2016,3
2016-03-01,Indiana,27883.0,13485.0,826,151821,2016,3
2016-03-01,Iowa,252.0,3012.0,2,23526,2016,3
2016-03-01,Kansas,7683.0,5368.0,296,16593,2016,3
2016-03-01,Kentucky,13816.0,8391.0,595,321318,2016,3
2016-03-01,Louisiana,13738.0,7553.0,552,26552,2016,3
2016-03-01,Maine,4725.0,3320.0,189,9429,2016,3
2016-03-01,Mariana Islands,0.0,1.0,0,1,2016,3
2016-03-01,Maryland,4866.0,5363.0,13,14546,2016,3
2016-03-01,Massachusetts,7019.0,3275.0,174,20450,2016,3
2016-03-01,Michigan,18316.0,10145.0,223,59827,2016,3
2016-03-01,Minnesota,13738.0,11323.0,442,56311,2016,3
2016-03-01,Mississippi,11287.0,5697.0,369,21727,2016,3
2016-03-01,Missouri,27030.0,15359.0,1055,64449,2016,3
2016-03-01,Montana,3305.0,4621.0,234,11967,2016,3
2016-03-01,Nebraska,132.0,1944.0,5,8315,2016,3
2016-03-01,Nevada,6116.0,3062.0,295,13550,2016,3
2016-03-01,New Hampshire,5912.0,3506.0,7,14498,2016,3
2016-03-01,New Jersey,7346.0,3582.0,0,11138,2016,3
2016-03-01,New Mexico,6497.0,4466.0,302,13999,2016,3
2016-03-01,New York,12474.0,15134.0,193,34781,2016,3
2016-03-01,North Carolina,1494.0,12263.0,197,53581,2016,3
2016-03-01,North Dakota,1945.0,2711.0,72,6281,2016,3
2016-03-01,Ohio,40331.0,19408.0,1459,85267,2016,3
2016-03-01,Oklahoma,14892.0,8975.0,824,29112,2016,3
2016-03-01,Oregon,15513.0,11510.0,0,27093,2016,3
2016-03-01,Pennsylvania,60489.0,12299.0,0,105145,2016,3
2016-03-01,Puerto Rico,948.0,200.0,22,1188,2016,3
2016-03-01,Rhode Island,1411.0,858.0,153,2516,2016,3
2016-03-01,South Carolina,12312.0,6138.0,345,38503,2016,3
2016-03-01,South Dakota,3451.0,3588.0,174,9178,2016,3
2016-03-01,Tennessee,27951.0,14909.0,1099,51955,2016,3
2016-03-01,Texas,55547.0,31794.0,2444,152465,2016,3
2016-03-01,Utah,3772.0,3883.0,186,30548,2016,3
2016-03-01,Vermont,1941.0,1715.0,78,3861,2016,3
2016-03-01,Virgin Islands,19.0,3.0,1,90,2016,3
2016-03-01,Virginia,26264.0,14622.0,0,42741,2016,3
2016-03-01,Washington,19501.0,10947.0,615,126000,2016,3
2016-03-01,West Virginia,9481.0,6336.0,470,22143,2016,3
2016-03-01,Wisconsin,18439.0,14836.0,35,44925,2016,3
2016-03-01,Wyoming,1995.0,2026.0,103,5302,2016,3
2016-02-01,Alabama,29311.0,15054.0,1162,77411,2016,2
2016-02-01,Alaska,3190.0,2428.0,180,6779,2016,2
2016-02-01,Arizona,16820.0,8782.0,856,35307,2016,2
2016-02-01,Arkansas,10532.0,7028.0,638,27506,2016,2
2016-02-01,California,44461.0,29486.0,0,214844,2016,2
2016-02-01,Colorado,22384.0,13355.0,1302,47302,2016,2
2016-02-01,Connecticut,13316.0,4250.0,0,32110,2016,2
2016-02-01,Delaware,2702.0,1633.0,94,5173,2016,2
2016-02-01,District of Columbia,74.0,7.0,0,95,2016,2
2016-02-01,Florida,62770.0,25228.0,2138,132010,2016,2
2016-02-01,Georgia,24534.0,10747.0,992,66777,2016,2
2016-02-01,Guam,85.0,44.0,4,141,2016,2
2016-02-01,Hawaii,0.0,0.0,0,1424,2016,2
2016-02-01,Idaho,4419.0,4321.0,277,15520,2016,2
2016-02-01,Illinois,30241.0,13543.0,1035,169908,2016,2
2016-02-01,Indiana,32373.0,14947.0,935,221556,2016,2
2016-02-01,Iowa,279.0,2859.0,7,23728,2016,2
2016-02-01,Kansas,9407.0,6165.0,525,19817,2016,2
2016-02-01,Kentucky,19243.0,10414.0,1137,266913,2016,2
2016-02-01,Louisiana,16474.0,9031.0,773,32939,2016,2
2016-02-01,Maine,5426.0,3234.0,161,9868,2016,2
2016-02-01,Mariana Islands,0.0,1.0,0,1,2016,2
2016-02-01,Maryland,4368.0,5803.0,38,14735,2016,2
2016-02-01,Massachusetts,6253.0,2838.0,169,17835,2016,2
2016-02-01,Michigan,19778.0,10899.0,258,61421,2016,2
2016-02-01,Minnesota,12754.0,9635.0,400,50144,2016,2
2016-02-01,Mississippi,15296.0,7203.0,603,28656,2016,2
2016-02-01,Missouri,30802.0,16707.0,1455,67682,2016,2
2016-02-01,Montana,3779.0,4151.0,325,12644,2016,2
2016-02-01,Nebraska,154.0,2078.0,11,8576,2016,2
2016-02-01,Nevada,6643.0,3115.0,333,14342,2016,2
2016-02-01,New Hampshire,6798.0,3464.0,5,14577,2016,2
2016-02-01,New Jersey,6007.0,3613.0,0,9811,2016,2
2016-02-01,New Mexico,7455.0,5049.0,506,16662,2016,2
2016-02-01,New York,11963.0,15324.0,203,34195,2016,2
2016-02-01,North Carolina,1543.0,14935.0,432,58096,2016,2
2016-02-01,North Dakota,2100.0,2419.0,85,5799,2016,2
2016-02-01,Ohio,45459.0,20745.0,1873,90222,2016,2
2016-02-01,Oklahoma,18984.0,10754.0,1290,37589,2016,2
2016-02-01,Oregon,17116.0,11665.0,0,28869,2016,2
2016-02-01,Pennsylvania,61933.0,11791.0,0,104116,2016,2
2016-02-01,Puerto Rico,885.0,152.0,22,1088,2016,2
2016-02-01,Rhode Island,1288.0,848.0,152,2392,2016,2
2016-02-01,South Carolina,15746.0,6847.0,538,39376,2016,2
2016-02-01,South Dakota,4170.0,4009.0,252,10732,2016,2
2016-02-01,Tennessee,36439.0,18121.0,1546,68503,2016,2
2016-02-01,Texas,72584.0,37980.0,3891,192417,2016,2
2016-02-01,Utah,4413.0,4000.0,220,22999,2016,2
2016-02-01,Vermont,2273.0,1681.0,86,4173,2016,2
2016-02-01,Virgin Islands,25.0,4.0,0,115,2016,2
2016-02-01,Virginia,30085.0,15948.0,0,47955,2016,2
2016-02-01,Washington,20583.0,11991.0,863,56043,2016,2
2016-02-01,West Virginia,10746.0,7436.0,757,27216,2016,2
2016-02-01,Wisconsin,19465.0,12431.0,62,42855,2016,2
2016-02-01,Wyoming,2287.0,2036.0,150,5703,2016,2
2016-01-01,Alabama,25445.0,14785.0,884,73218,2016,1
2016-01-01,Alaska,2859.0,2245.0,164,6085,2016,1
2016-01-01,Arizona,15745.0,8512.0,575,31910,2016,1
2016-01-01,Arkansas,7954.0,5982.0,340,20437,2016,1
2016-01-01,California,52139.0,32970.0,0,220912,2016,1
2016-01-01,Colorado,23518.0,13327.0,1236,48214,2016,1
2016-01-01,Connecticut,13096.0,4366.0,0,31712,2016,1
2016-01-01,Delaware,2548.0,1608.0,73,4886,2016,1
2016-01-01,District of Columbia,52.0,3.0,0,82,2016,1
2016-01-01,Florida,62085.0,26356.0,2036,125935,2016,1
2016-01-01,Georgia,18236.0,9696.0,564,62707,2016,1
2016-01-01,Guam,102.0,57.0,6,176,2016,1
2016-01-01,Hawaii,0.0,0.0,0,1383,2016,1
2016-01-01,Idaho,4221.0,3820.0,156,13197,2016,1
2016-01-01,Illinois,32112.0,12869.0,813,189400,2016,1
2016-01-01,Indiana,29653.0,14356.0,939,230892,2016,1
2016-01-01,Iowa,292.0,2600.0,9,26714,2016,1
2016-01-01,Kansas,9196.0,6580.0,381,19443,2016,1
2016-01-01,Kentucky,13847.0,7713.0,416,302383,2016,1
2016-01-01,Louisiana,15485.0,10374.0,642,32192,2016,1
2016-01-01,Maine,4625.0,3054.0,152,8844,2016,1
2016-01-01,Mariana Islands,0.0,3.0,0,3,2016,1
2016-01-01,Maryland,3981.0,5541.0,16,13321,2016,1
2016-01-01,Massachusetts,7211.0,3500.0,201,20208,2016,1
2016-01-01,Michigan,17641.0,9995.0,215,56723,2016,1
2016-01-01,Minnesota,12426.0,8624.0,414,50842,2016,1
2016-01-01,Mississippi,10257.0,6713.0,365,21330,2016,1
2016-01-01,Missouri,28980.0,15693.0,955,61257,2016,1
2016-01-01,Montana,3354.0,3574.0,205,10722,2016,1
2016-01-01,Nebraska,179.0,2256.0,13,11116,2016,1
2016-01-01,Nevada,6064.0,2835.0,257,12291,2016,1
2016-01-01,New Hampshire,7146.0,3591.0,4,16887,2016,1
2016-01-01,New Jersey,4520.0,4005.0,0,8683,2016,1
2016-01-01,New Mexico,5921.0,4206.0,288,12577,2016,1
2016-01-01,New York,12020.0,15461.0,200,34071,2016,1
2016-01-01,North Carolina,1350.0,12950.0,178,51646,2016,1
2016-01-01,North Dakota,2159.0,2554.0,81,5877,2016,1
2016-01-01,Ohio,38028.0,18613.0,1322,76218,2016,1
2016-01-01,Oklahoma,18688.0,10863.0,889,34889,2016,1
2016-01-01,Oregon,15930.0,10403.0,0,26378,2016,1
2016-01-01,Pennsylvania,57355.0,10224.0,0,102170,2016,1
2016-01-01,Puerto Rico,940.0,147.0,21,1133,2016,1
2016-01-01,Rhode Island,1413.0,898.0,177,2617,2016,1
2016-01-01,South Carolina,12380.0,6289.0,326,31396,2016,1
2016-01-01,South Dakota,3782.0,3815.0,171,10220,2016,1
2016-01-01,Tennessee,30411.0,16571.0,1271,62789,2016,1
2016-01-01,Texas,72626.0,38396.0,2700,164088,2016,1
2016-01-01,Utah,4662.0,3654.0,174,19968,2016,1
2016-01-01,Vermont,1863.0,1379.0,65,3451,2016,1
2016-01-01,Virgin Islands,26.0,0.0,1,100,2016,1
2016-01-01,Virginia,27033.0,15699.0,0,44181,2016,1
2016-01-01,Washington,20427.0,11355.0,595,58050,2016,1
2016-01-01,West Virginia,7419.0,5505.0,349,18985,2016,1
2016-01-01,Wisconsin,17969.0,10756.0,42,39561,2016,1
2016-01-01,Wyoming,2181.0,1983.0,104,5676,2016,1
